,Well,X,Y,NTG
0,201-901,201,901,0.26159605115535134
1,201-902,201,902,0.2552126994942474
2,201-903,201,903,0.24670445218579778
3,201-904,201,904,0.23803010184356888
4,201-905,201,905,0.22965774803035272
5,201-906,201,906,0.21815677680752252
6,201-908,201,908,0.2219239849111711
7,201-909,201,909,0.2455054812547719
8,201-910,201,910,0.269252341478617
9,201-911,201,911,0.2933235184754096
10,201-912,201,912,0.3168268583860787
11,201-913,201,913,0.3395756593614399
12,201-915,201,915,0.3662667306844005
13,201-916,201,916,0.37043533447385696
14,201-917,201,917,0.3753083239540237
15,201-918,201,918,0.3860146850972338
16,201-919,201,919,0.3952637522596959
17,201-920,201,920,0.40699177306825407
18,201-921,201,921,0.4207662997725889
19,201-922,201,922,0.43194870259090845
20,201-923,201,923,0.4363713638591147
21,201-925,201,925,0.4178676929902272
22,201-926,201,926,0.4046098041096495
23,201-927,201,927,0.3925059276951321
24,201-928,201,928,0.3798496755606868
25,201-929,201,929,0.3669050980157939
26,201-930,201,930,0.3546498882564331
27,202-901,202,901,0.265446146187488
28,202-902,202,902,0.25811206677562615
29,202-903,202,903,0.2466759887551946
30,202-904,202,904,0.23704371234563681
31,202-905,202,905,0.23417556377309398
32,202-906,202,906,0.23053022040031504
33,202-907,202,907,0.2195839232664253
34,202-908,202,908,0.22516556504546312
35,202-909,202,909,0.24582790983923636
36,202-910,202,910,0.26960621050908756
37,202-911,202,911,0.2935614757548187
38,202-912,202,912,0.3147998777899856
39,202-913,202,913,0.3342605817158981
40,202-914,202,914,0.3494539914275168
41,202-915,202,915,0.3566941043451184
42,202-916,202,916,0.36182881316486265
43,202-917,202,917,0.36504397449948645
44,202-918,202,918,0.374287292294544
45,202-919,202,919,0.3845041026268986
46,202-920,202,920,0.39643778513982064
47,202-921,202,921,0.41081193884984685
48,202-923,202,923,0.4263309181344869
49,202-924,202,924,0.4207377019674708
50,202-926,202,926,0.39776653433990655
51,202-927,202,927,0.3861590709770813
52,202-928,202,928,0.3718215802809244
53,202-929,202,929,0.35733449835483305
54,202-930,202,930,0.34389800481829996
55,203-901,203,901,0.26634992793110895
56,203-903,203,903,0.24194700828128946
57,203-904,203,904,0.2293009279348032
58,203-905,203,905,0.23297812068121507
59,203-907,203,907,0.22312085662272757
60,203-908,203,908,0.2260333446401706
61,203-909,203,909,0.24626206727545355
62,203-910,203,910,0.27211561097732473
63,203-911,203,911,0.2947476338066044
64,203-912,203,912,0.3136094818883838
65,203-913,203,913,0.3272161511758512
66,203-914,203,914,0.3381734495185249
67,203-915,203,915,0.3452826473513774
68,203-916,203,916,0.34983065554360004
69,203-917,203,917,0.3529717276060777
70,203-918,203,918,0.3614848218580976
71,203-919,203,919,0.37066375274714186
72,203-920,203,920,0.3812537641767405
73,203-921,203,921,0.39231552595594343
74,203-922,203,922,0.40165634547906753
75,203-923,203,923,0.40590820661321797
76,203-924,203,924,0.4089685381740759
77,203-925,203,925,0.40759521334632093
78,203-926,203,926,0.3963623577634312
79,203-927,203,927,0.379631200765548
80,203-928,203,928,0.3612727616732999
81,203-930,203,930,0.3298108192278927
82,204-901,204,901,0.2630863985512229
83,204-902,204,902,0.2515389572726295
84,204-903,204,903,0.2319998801473632
85,204-905,204,905,0.2160749713978138
86,204-906,204,906,0.21577374969381508
87,204-908,204,908,0.22162779485201878
88,204-909,204,909,0.24916182363332506
89,204-910,204,910,0.27718956232119163
90,204-911,204,911,0.2985511616938384
91,204-912,204,912,0.3129232737977239
92,204-913,204,913,0.3224903601912557
93,204-914,204,914,0.3288643241942139
94,204-915,204,915,0.3343108646247964
95,204-916,204,916,0.33682861490472066
96,204-917,204,917,0.3413315952282729
97,204-918,204,918,0.3485979308608702
98,204-919,204,919,0.3557009103358648
99,204-920,204,920,0.3621436776215852
100,204-921,204,921,0.36867182318740305
101,204-922,204,922,0.3734974502707611
102,204-923,204,923,0.3781936007639796
103,204-924,204,924,0.3927243092056006
104,204-926,204,926,0.391173868905475
105,204-927,204,927,0.3701230778026231
106,204-928,204,928,0.3460507820943373
107,204-929,204,929,0.3249906426131768
108,204-930,204,930,0.31107051631382165
109,205-901,205,901,0.2588087190200941
110,205-902,205,902,0.24685661772705705
111,205-903,205,903,0.22902455463432334
112,205-904,205,904,0.21222111502644647
113,205-905,205,905,0.20548844017499707
114,205-906,205,906,0.2009373125417335
115,205-907,205,907,0.20210530836436047
116,205-908,205,908,0.2239047111998297
117,205-909,205,909,0.2560476245615699
118,205-910,205,910,0.28513166514742994
119,205-912,205,912,0.3115307993412089
120,205-913,205,913,0.31697752973501386
121,205-914,205,914,0.3232268410993201
122,205-915,205,915,0.328597392834929
123,205-917,205,917,0.3332491164201198
124,205-918,205,918,0.3374151733018021
125,205-919,205,919,0.3418544957647649
126,205-920,205,920,0.34537623619551655
127,205-921,205,921,0.3490441929133751
128,205-922,205,922,0.3485232019783069
129,205-924,205,924,0.36562401610487494
130,205-925,205,925,0.3766752423772891
131,205-926,205,926,0.3694442492818561
132,205-928,205,928,0.3236347217842979
133,205-929,205,929,0.29907549966206065
134,205-930,205,930,0.2891450905369266
135,206-901,206,901,0.2626661393732473
136,206-902,206,902,0.24596573456795467
137,206-903,206,903,0.23203009766620625
138,206-904,206,904,0.21694398337423512
139,206-905,206,905,0.20321856375969405
140,206-906,206,906,0.19577487106952013
141,206-907,206,907,0.200035645001803
142,206-908,206,908,0.22769958813130556
143,206-909,206,909,0.2671925430862477
144,206-910,206,910,0.2982956823527033
145,206-911,206,911,0.3033025990993424
146,206-913,206,913,0.3098706296236805
147,206-915,206,915,0.3356210250604073
148,206-916,206,916,0.33624570520088326
149,206-917,206,917,0.33332224872750993
150,206-918,206,918,0.33053208206791973
151,206-919,206,919,0.3300601060797176
152,206-920,206,920,0.3316933275967315
153,206-921,206,921,0.3339311063715976
154,206-922,206,922,0.33645406744839745
155,206-923,206,923,0.3403710695297171
156,206-924,206,924,0.34674338519063785
157,206-925,206,925,0.3485555097152308
158,206-926,206,926,0.33966843367834665
159,206-927,206,927,0.3217058899778816
160,206-928,206,928,0.2973368040150148
161,206-930,206,930,0.27037139429441764
162,207-901,207,901,0.26813770521630986
163,207-902,207,902,0.2543618362099596
164,207-903,207,903,0.2370961862167074
165,207-904,207,904,0.22149358785306553
166,207-905,207,905,0.20882001992309263
167,207-906,207,906,0.1970182733002726
168,207-908,207,908,0.23122719011805457
169,207-909,207,909,0.27715384734011816
170,207-911,207,911,0.2997011336150857
171,207-913,207,913,0.3072579440771666
172,207-914,207,914,0.33931082425900333
173,207-915,207,915,0.35868432983780124
174,207-916,207,916,0.3520973606537889
175,207-917,207,917,0.3372830472827836
176,207-918,207,918,0.32290144309847824
177,207-920,207,920,0.31796524361707307
178,207-921,207,921,0.32608390874879717
179,207-922,207,922,0.33409700764152345
180,207-923,207,923,0.3400781190665977
181,207-924,207,924,0.3375514838720269
182,207-925,207,925,0.3312355173336937
183,207-926,207,926,0.31891321225358216
184,207-928,207,928,0.28618258633977556
185,207-929,207,929,0.27194116346557756
186,208-901,208,901,0.27835751606045184
187,208-902,208,902,0.2655690428158515
188,208-903,208,903,0.2492850705032596
189,208-904,208,904,0.23156686850836994
190,208-905,208,905,0.21667279445150478
191,208-906,208,906,0.20882885820651353
192,208-907,208,907,0.21265181060155924
193,208-908,208,908,0.2390107727858551
194,208-909,208,909,0.27435964478306446
195,208-910,208,910,0.30151270894835536
196,208-911,208,911,0.30312141613354004
197,208-912,208,912,0.30113424249886156
198,208-913,208,913,0.3257364198651455
199,208-914,208,914,0.36114535002659626
200,208-916,208,916,0.36860198782692777
201,208-917,208,917,0.34693716962212606
202,208-918,208,918,0.31902276999193835
203,208-920,208,920,0.3106576617037434
204,208-921,208,921,0.32976704620054687
205,208-922,208,922,0.3424732610200736
206,208-923,208,923,0.34453524537236024
207,208-924,208,924,0.3408620637339088
208,208-926,208,926,0.3168781808765069
209,208-927,208,927,0.30589313040489535
210,208-928,208,928,0.29495532493659143
211,208-929,208,929,0.28394862228680384
212,208-930,208,930,0.2764857738987835
213,209-901,209,901,0.2908140670556708
214,209-902,209,902,0.27989639744419526
215,209-903,209,903,0.2652021095436977
216,209-904,209,904,0.24537641302657726
217,209-905,209,905,0.22854611899153665
218,209-906,209,906,0.21978396119535884
219,209-907,209,907,0.22568802630889606
220,209-908,209,908,0.24392214553865582
221,209-909,209,909,0.26993919934835475
222,209-910,209,910,0.2944595217675807
223,209-911,209,911,0.3097786708227759
224,209-912,209,912,0.3261416947384798
225,209-913,209,913,0.3469922784559862
226,209-914,209,914,0.37351442902529575
227,209-915,209,915,0.39324657659179296
228,209-917,209,917,0.36881918749033443
229,209-918,209,918,0.3449668722933305
230,209-919,209,919,0.3248888693292543
231,209-920,209,920,0.32854884120800754
232,209-921,209,921,0.341597967622955
233,209-922,209,922,0.35648399706507267
234,209-923,209,923,0.3633707755660077
235,209-924,209,924,0.35198665876168134
236,209-925,209,925,0.3373066982597719
237,209-926,209,926,0.3294692670033989
238,209-927,209,927,0.32305093462889306
239,209-928,209,928,0.31301815170083946
240,209-929,209,929,0.3022573660519175
241,209-930,209,930,0.2935420774656069
242,210-901,210,901,0.3056535365530102
243,210-902,210,902,0.2981417125563436
244,210-903,210,903,0.2853830246938132
245,210-904,210,904,0.2639965594767358
246,210-905,210,905,0.23882449912956974
247,210-906,210,906,0.2257794204871673
248,210-907,210,907,0.22994797492332888
249,210-908,210,908,0.2481715485869253
250,210-909,210,909,0.27023148369186967
251,210-910,210,910,0.29677494132184595
252,210-911,210,911,0.31731999178044035
253,210-912,210,912,0.3423565002985293
254,210-913,210,913,0.362043088416104
255,210-915,210,915,0.41126608485926985
256,210-917,210,917,0.4016866007587143
257,210-918,210,918,0.3774530141471908
258,210-919,210,919,0.36276430479494437
259,210-920,210,920,0.35399660839816727
260,210-921,210,921,0.35581019196634545
261,210-922,210,922,0.36592166689470756
262,210-924,210,924,0.35603034691776236
263,210-925,210,925,0.3445237693835305
264,210-926,210,926,0.34435204520860474
265,210-927,210,927,0.344500664017435
266,210-928,210,928,0.3349076857172544
267,210-929,210,929,0.320530369843721
268,210-930,210,930,0.30877120364590693
269,211-901,211,901,0.3223671026134741
270,211-902,211,902,0.3192295413126515
271,211-903,211,903,0.3112142068036832
272,211-904,211,904,0.2875697035499008
273,211-905,211,905,0.24220738035559078
274,211-906,211,906,0.23008249492629956
275,211-907,211,907,0.23951288187213224
276,211-908,211,908,0.2516843702071919
277,211-909,211,909,0.2737930768417015
278,211-910,211,910,0.3033122294830183
279,211-911,211,911,0.32171837188597413
280,211-912,211,912,0.35223858824318127
281,211-913,211,913,0.3761889184096376
282,211-915,211,915,0.4156087410034907
283,211-916,211,916,0.4221909205638261
284,211-917,211,917,0.4082321035815903
285,211-918,211,918,0.3925158005223249
286,211-920,211,920,0.36507399672506347
287,211-921,211,921,0.35456754024705506
288,211-922,211,922,0.3543539793173402
289,211-923,211,923,0.3519991692292211
290,211-925,211,925,0.3416299730667712
291,211-926,211,926,0.35138165504700897
292,211-929,211,929,0.3336102847648884
293,211-930,211,930,0.31891368081987953
294,212-901,212,901,0.33412937514595314
295,212-902,212,902,0.3383492904397041
296,212-903,212,903,0.3414386983205677
297,212-906,212,906,0.2363121083013723
298,212-907,212,907,0.2477216985763909
299,212-908,212,908,0.260873787326162
300,212-909,212,909,0.2782235879872602
301,212-910,212,910,0.30479523921921375
302,212-911,212,911,0.3278156319542697
303,212-912,212,912,0.3607636214556891
304,212-913,212,913,0.38399593984409597
305,212-914,212,914,0.397752632249442
306,212-915,212,915,0.4043220738557162
307,212-916,212,916,0.40405142490351564
308,212-917,212,917,0.39374884204519006
309,212-918,212,918,0.38283132636188233
310,212-919,212,919,0.37173783189828813
311,212-920,212,920,0.3538168368389113
312,212-922,212,922,0.33084027773854685
313,212-923,212,923,0.32770949409877703
314,212-924,212,924,0.32625205360777276
315,212-925,212,925,0.33385808324452804
316,212-926,212,926,0.34305918858718537
317,212-927,212,927,0.3552234585672876
318,212-928,212,928,0.3505384896926513
319,212-929,212,929,0.3369550985528707
320,212-930,212,930,0.3232554405650807
321,213-901,213,901,0.3425679972340399
322,213-902,213,902,0.3487385085243138
323,213-903,213,903,0.35612735873958296
324,213-904,213,904,0.3427249627891382
325,213-905,213,905,0.29271227621625223
326,213-906,213,906,0.2665376432176922
327,213-907,213,907,0.2616839983426644
328,213-908,213,908,0.27065267141483756
329,213-909,213,909,0.2863140252243716
330,213-910,213,910,0.30864202365557364
331,213-911,213,911,0.3379535952539051
332,213-912,213,912,0.36460151170722427
333,213-913,213,913,0.3827546795948332
334,213-914,213,914,0.3908746201367813
335,213-915,213,915,0.38993213508062785
336,213-916,213,916,0.38439652524748685
337,213-917,213,917,0.37422746577610444
338,213-918,213,918,0.36460472637975044
339,213-919,213,919,0.35292186799592135
340,213-920,213,920,0.33398790336799156
341,213-921,213,921,0.31400163166308914
342,213-922,213,922,0.30488651392844085
343,213-923,213,923,0.30609599997225206
344,213-924,213,924,0.3126145911380283
345,213-925,213,925,0.3189120738455758
346,213-926,213,926,0.3310311473434178
347,213-927,213,927,0.3422505222339183
348,213-928,213,928,0.3447538709794378
349,213-929,213,929,0.3335633037165436
350,213-930,213,930,0.3203674977017031
351,214-901,214,901,0.3455063619889489
352,214-902,214,902,0.35032627049925447
353,214-903,214,903,0.3631627441195772
354,214-905,214,905,0.33118302980491343
355,214-906,214,906,0.2958499580868006
356,214-907,214,907,0.2772649201438744
357,214-908,214,908,0.27296975247499927
358,214-909,214,909,0.28719238315947093
359,214-910,214,910,0.31160914990863936
360,214-911,214,911,0.33843617393638714
361,214-912,214,912,0.36379052736471584
362,214-913,214,913,0.382416713015448
363,214-914,214,914,0.38287429673603446
364,214-915,214,915,0.3734349204770385
365,214-916,214,916,0.360812722799147
366,214-917,214,917,0.3584873355912181
367,214-919,214,919,0.3456379484642618
368,214-920,214,920,0.3196757177208568
369,214-921,214,921,0.2851148890165375
370,214-922,214,922,0.278516474031851
371,214-923,214,923,0.2851911618364078
372,214-924,214,924,0.292546734058159
373,214-925,214,925,0.30223210536585654
374,214-926,214,926,0.3159697651904712
375,214-927,214,927,0.33298909874976845
376,214-928,214,928,0.34302166292696484
377,214-929,214,929,0.32836164390043093
378,214-930,214,930,0.3108460673765868
379,215-901,215,901,0.3415296755207107
380,215-902,215,902,0.34053220200510265
381,215-903,215,903,0.35923913576714717
382,215-904,215,904,0.36945726267581874
383,215-905,215,905,0.34995593050830404
384,215-906,215,906,0.3157686819447821
385,215-907,215,907,0.28217206570588754
386,215-908,215,908,0.2651056354262949
387,215-909,215,909,0.27935900682405823
388,215-911,215,911,0.332161314929512
389,215-912,215,912,0.3573223214637778
390,215-914,215,914,0.3732135006861881
391,215-915,215,915,0.35904456474503066
392,215-917,215,917,0.35940999540615687
393,215-918,215,918,0.36561056653538365
394,215-919,215,919,0.3647474045969145
395,215-920,215,920,0.33594228108152524
396,215-922,215,922,0.26616704899798505
397,215-923,215,923,0.2742151505614871
398,215-924,215,924,0.2799631097891298
399,215-925,215,925,0.2873716048827357
400,215-926,215,926,0.29750718933574694
401,215-927,215,927,0.315938805252594
402,215-929,215,929,0.3211793996924149
403,216-901,216,901,0.3470356672843905
404,216-903,216,903,0.36316522637092313
405,216-904,216,904,0.3804178050980638
406,216-905,216,905,0.37046573544284267
407,216-906,216,906,0.3357817633372022
408,216-907,216,907,0.28934598705453657
409,216-909,216,909,0.26480843625092093
410,216-910,216,910,0.2903620489002773
411,216-911,216,911,0.3143497090694393
412,216-912,216,912,0.3368903583889474
413,216-913,216,913,0.35331052842561617
414,216-914,216,914,0.3575831522416128
415,216-915,216,915,0.35575171251880056
416,216-916,216,916,0.35865698153551284
417,216-918,216,918,0.38306918982596755
418,216-919,216,919,0.39232379104235693
419,216-921,216,921,0.3200724362820107
420,216-922,216,922,0.2831891207049
421,216-923,216,923,0.271989171840641
422,216-924,216,924,0.2691960704356381
423,216-925,216,925,0.27367620205791815
424,216-926,216,926,0.28039227380296067
425,216-928,216,928,0.305594700590473
426,216-929,216,929,0.3108087227610856
427,216-930,216,930,0.3128036034656617
428,217-901,217,901,0.37536139890252646
429,217-902,217,902,0.37539897524402865
430,217-903,217,903,0.3934271575780981
431,217-904,217,904,0.409866507549018
432,217-905,217,905,0.40618649618464114
433,217-906,217,906,0.3641502848207963
434,217-907,217,907,0.310702816060755
435,217-908,217,908,0.26997288831027677
436,217-909,217,909,0.26218425989123156
437,217-910,217,910,0.2750516796869019
438,217-911,217,911,0.29434943753135306
439,217-912,217,912,0.31272383511898066
440,217-913,217,913,0.3269171130958746
441,217-914,217,914,0.340406755170175
442,217-915,217,915,0.3520169136586828
443,217-916,217,916,0.3631229326931758
444,217-917,217,917,0.37529580263419626
445,217-918,217,918,0.38324377716918473
446,217-919,217,919,0.38876839962103527
447,217-920,217,920,0.37876564288048986
448,217-921,217,921,0.33633605383422216
449,217-923,217,923,0.2715055945271544
450,217-924,217,924,0.2613491874564787
451,217-925,217,925,0.2653291273782785
452,217-927,217,927,0.2747112422308169
453,217-928,217,928,0.2849967113344332
454,217-929,217,929,0.3027914295516176
455,217-930,217,930,0.3342943040895647
456,218-901,218,901,0.40923185462904044
457,218-902,218,902,0.41759606949790906
458,218-903,218,903,0.427338782924663
459,218-904,218,904,0.44026304946247785
460,218-906,218,906,0.38982541862562026
461,218-907,218,907,0.32980490240021376
462,218-908,218,908,0.2839147201460054
463,218-909,218,909,0.2616042100171602
464,218-910,218,910,0.26439792913481436
465,218-911,218,911,0.27653903271288977
466,218-912,218,912,0.2914371963867782
467,218-913,218,913,0.3064565851502692
468,218-914,218,914,0.3266544687542261
469,218-915,218,915,0.34528108443329575
470,218-916,218,916,0.36062387610366287
471,218-917,218,917,0.371946030363278
472,218-918,218,918,0.3731318661255065
473,218-919,218,919,0.3708926617132904
474,218-920,218,920,0.35545132151210557
475,218-921,218,921,0.32582269507212186
476,218-922,218,922,0.2919235745298486
477,218-923,218,923,0.26336688622605653
478,218-924,218,924,0.24927116749433334
479,218-925,218,925,0.2524110221679861
480,218-926,218,926,0.26257491064561195
481,218-927,218,927,0.2685216215394252
482,218-928,218,928,0.2776953565600681
483,219-901,219,901,0.43150492475888985
484,219-904,219,904,0.44211689053162495
485,219-905,219,905,0.43088399680926737
486,219-906,219,906,0.38965961422706324
487,219-908,219,908,0.2903470842985775
488,219-910,219,910,0.2605213171279816
489,219-911,219,911,0.2722674454983131
490,219-912,219,912,0.2828412602883535
491,219-914,219,914,0.3214520682806071
492,219-915,219,915,0.34421839377891117
493,219-916,219,916,0.36066059605586953
494,219-917,219,917,0.36624243248277044
495,219-918,219,918,0.3630417904563785
496,219-919,219,919,0.35353012333384204
497,219-920,219,920,0.33645358051231766
498,219-921,219,921,0.3113588844059855
499,219-922,219,922,0.27946046563211013
500,219-923,219,923,0.25185639969055684
501,219-925,219,925,0.24295780927793487
502,219-926,219,926,0.2537389550167779
503,219-927,219,927,0.2666503433335657
504,219-928,219,928,0.28591683002188206
505,219-929,219,929,0.3247509147775504
506,220-901,220,901,0.43488806530745444
507,220-902,220,902,0.4309961408142677
508,220-903,220,903,0.42977493114535353
509,220-904,220,904,0.4263141237200132
510,220-905,220,905,0.41168524207747553
511,220-906,220,906,0.38041310206526735
512,220-907,220,907,0.3389249889124486
513,220-908,220,908,0.3005016087599107
514,220-909,220,909,0.27428661233387913
515,220-910,220,910,0.27307009487074857
516,220-911,220,911,0.2810210222346516
517,220-912,220,912,0.29228293888694895
518,220-913,220,913,0.3072615416139871
519,220-914,220,914,0.33074979635377666
520,220-915,220,915,0.35243548811054703
521,220-916,220,916,0.36236227914667707
522,220-917,220,917,0.3622903068606664
523,220-918,220,918,0.35425312268531867
524,220-919,220,919,0.33944227420402295
525,220-920,220,920,0.31984828845701746
526,220-921,220,921,0.29797226203254457
527,220-922,220,922,0.2729327782203578
528,220-924,220,924,0.2378620731363555
529,220-925,220,925,0.24162857158273607
530,220-926,220,926,0.2532217736978291
531,220-927,220,927,0.2677767830777078
532,220-928,220,928,0.28979485740647437
533,220-929,220,929,0.3232720828838096
534,220-930,220,930,0.357540919509698
535,221-903,221,903,0.4102242687602947
536,221-904,221,904,0.4098243744366857
537,221-905,221,905,0.39663857739188946
538,221-906,221,906,0.37094185938488866
539,221-907,221,907,0.3402893088474074
540,221-908,221,908,0.3105501659469338
541,221-909,221,909,0.2907072568275823
542,221-910,221,910,0.2894479068691291
543,221-911,221,911,0.2948105004671318
544,221-912,221,912,0.30745899450591146
545,221-913,221,913,0.3260112872755968
546,221-914,221,914,0.3501232120477957
547,221-915,221,915,0.3649283317968183
548,221-916,221,916,0.3681957688346511
549,221-917,221,917,0.35947679547193845
550,221-918,221,918,0.3444793760813197
551,221-919,221,919,0.32620063396443494
552,221-920,221,920,0.3078952331959147
553,221-921,221,921,0.2883806763048599
554,221-922,221,922,0.2687031726441613
555,221-923,221,923,0.2529628066890195
556,221-924,221,924,0.24436333884556835
557,221-925,221,925,0.24752647431288277
558,221-926,221,926,0.25564365289303786
559,221-927,221,927,0.26947625076345655
560,221-928,221,928,0.2853291299150098
561,221-929,221,929,0.3067857333309164
562,221-930,221,930,0.3275743633572791
563,222-901,222,901,0.42181151341597867
564,222-902,222,902,0.40748280989481894
565,222-903,222,903,0.40307817425699416
566,222-904,222,904,0.40082648190906556
567,222-905,222,905,0.38997541286289017
568,222-906,222,906,0.36556974591783536
569,222-907,222,907,0.3392076820964364
570,222-908,222,908,0.3170900022559572
571,222-909,222,909,0.30774270393306385
572,222-910,222,910,0.303299181414163
573,222-911,222,911,0.31140228014876375
574,222-912,222,912,0.322203801968767
575,222-913,222,913,0.3451549093908134
576,222-914,222,914,0.3661252895419436
577,222-916,222,916,0.3709271943452749
578,222-918,222,918,0.33382315762303216
579,222-919,222,919,0.31428939446712006
580,222-920,222,920,0.29617715063156763
581,222-921,222,921,0.27763608230756176
582,222-922,222,922,0.2660498130392305
583,222-923,222,923,0.25756330865997057
584,222-924,222,924,0.2537182887500477
585,222-925,222,925,0.2509692146015949
586,222-926,222,926,0.2582880623799146
587,222-927,222,927,0.27092385452532747
588,222-928,222,928,0.2799547140940101
589,222-929,222,929,0.2895955988442721
590,222-930,222,930,0.3013872760098345
591,223-901,223,901,0.4148417064521992
592,223-902,223,902,0.4040234467769867
593,223-903,223,903,0.39741664140468413
594,223-904,223,904,0.3935312472009346
595,223-906,223,906,0.3580766050308547
596,223-907,223,907,0.3320877318559318
597,223-908,223,908,0.321629565421333
598,223-909,223,909,0.3180796430445114
599,223-910,223,910,0.31831959484442734
600,223-911,223,911,0.3226556505118037
601,223-912,223,912,0.3358642842484902
602,223-913,223,913,0.3560617436493522
603,223-914,223,914,0.37136653320071705
604,223-915,223,915,0.3786183501290571
605,223-916,223,916,0.36285754587623137
606,223-917,223,917,0.34160283441734973
607,223-918,223,918,0.31979738774934824
608,223-919,223,919,0.299199835072842
609,223-920,223,920,0.28237101420728594
610,223-921,223,921,0.26830169848875574
611,223-922,223,922,0.26120862947195883
612,223-923,223,923,0.2610569104871696
613,223-924,223,924,0.26286908694332206
614,223-925,223,925,0.26434946798339304
615,223-926,223,926,0.2683836579026649
616,223-927,223,927,0.27297948178836645
617,223-928,223,928,0.2817122813752673
618,223-929,223,929,0.2853583896308134
619,224-901,224,901,0.40714285991121063
620,224-902,224,902,0.39697175425852677
621,224-903,224,903,0.3883788265723427
622,224-904,224,904,0.38170368726688986
623,224-905,224,905,0.3689807043280553
624,224-906,224,906,0.34588254574337673
625,224-908,224,908,0.3263273824945262
626,224-909,224,909,0.32354296028726376
627,224-910,224,910,0.3233686459858398
628,224-911,224,911,0.3322102783324977
629,224-912,224,912,0.34910612842894495
630,224-913,224,913,0.3634947776185792
631,224-914,224,914,0.372324506826902
632,224-916,224,916,0.34293422194661943
633,224-917,224,917,0.32279562827180325
634,224-918,224,918,0.30338027573418513
635,224-919,224,919,0.284278290312691
636,224-920,224,920,0.26460849940298353
637,224-921,224,921,0.25494158165567704
638,224-922,224,922,0.264140816602648
639,224-923,224,923,0.2717557301616556
640,224-924,224,924,0.27635761714441914
641,224-925,224,925,0.28032877734741657
642,224-926,224,926,0.28531580141982205
643,224-927,224,927,0.28452041529692335
644,224-928,224,928,0.28792517730650136
645,224-929,224,929,0.3051172468707681
646,224-930,224,930,0.3169815777149608
647,225-901,225,901,0.39930222603874266
648,225-902,225,902,0.38515930341812826
649,225-903,225,903,0.3748709773536769
650,225-904,225,904,0.3685656867751346
651,225-905,225,905,0.3571792248852112
652,225-906,225,906,0.3418927425498528
653,225-907,225,907,0.3337825870666998
654,225-909,225,909,0.31431113919501424
655,225-910,225,910,0.31544361986522246
656,225-911,225,911,0.33202379851343333
657,225-912,225,912,0.35443851367607665
658,225-913,225,913,0.36534981127267707
659,225-914,225,914,0.36694486015264605
660,225-915,225,915,0.3496681465690494
661,225-917,225,917,0.30661886079625855
662,225-918,225,918,0.29699624815711334
663,225-919,225,919,0.2804626841934121
664,225-920,225,920,0.259243387056956
665,225-923,225,923,0.28704174809012883
666,225-924,225,924,0.2945005706723002
667,225-925,225,925,0.3027104469115309
668,225-926,225,926,0.3032492769922608
669,225-927,225,927,0.29823679673840586
670,225-929,225,929,0.34873164973001763
671,225-930,225,930,0.3614396631193076
672,226-901,226,901,0.3958740029353118
673,226-902,226,902,0.3746863857427829
674,226-903,226,903,0.36372047358779075
675,226-904,226,904,0.35694626410853747
676,226-905,226,905,0.34864482720905987
677,226-906,226,906,0.33739350479625896
678,226-907,226,907,0.3288954118814291
679,226-908,226,908,0.3127285670745578
680,226-910,226,910,0.30615460831873376
681,226-911,226,911,0.33797706481379947
682,226-912,226,912,0.3631161937470703
683,226-913,226,913,0.37168336588441475
684,226-914,226,914,0.3665235414935665
685,226-915,226,915,0.3473402256035097
686,226-916,226,916,0.3247495399719307
687,226-917,226,917,0.313470781030441
688,226-918,226,918,0.3049533651512308
689,226-919,226,919,0.29102422236483544
690,226-920,226,920,0.2762112208275916
691,226-921,226,921,0.2718804445285197
692,226-922,226,922,0.28664423060909583
693,226-923,226,923,0.302872661059469
694,226-924,226,924,0.3144773461579883
695,226-925,226,925,0.32447429065141875
696,226-927,226,927,0.3251789419649423
697,226-930,226,930,0.39902927155798645
698,227-901,227,901,0.4010899981791085
699,227-903,227,903,0.360966318535175
700,227-904,227,904,0.3543723095238981
701,227-905,227,905,0.34529801133017396
702,227-906,227,906,0.33542241306840975
703,227-907,227,907,0.32477588783082467
704,227-908,227,908,0.30698691691420193
705,227-910,227,910,0.30934226564802975
706,227-911,227,911,0.34975932612080246
707,227-912,227,912,0.3801793781260624
708,227-913,227,913,0.38539056033141433
709,227-914,227,914,0.3735388973545872
710,227-915,227,915,0.35574646704415736
711,227-916,227,916,0.3392083404070313
712,227-917,227,917,0.328532407774983
713,227-918,227,918,0.3185183002830411
714,227-919,227,919,0.30736028807893107
715,227-920,227,920,0.29963019653029566
716,227-921,227,921,0.29657448066400216
717,227-922,227,922,0.30392150321409805
718,227-923,227,923,0.31758873528129944
719,227-924,227,924,0.3332693155572985
720,227-925,227,925,0.34442626010781685
721,227-926,227,926,0.3500438880646572
722,227-927,227,927,0.35331726867176755
723,227-928,227,928,0.3698574678549168
724,227-929,227,929,0.3997552531336934
725,227-930,227,930,0.3985323488910751
726,228-902,228,902,0.3932618708200085
727,228-903,228,903,0.373817074308995
728,228-904,228,904,0.35965083584862917
729,228-905,228,905,0.3473251539198799
730,228-906,228,906,0.33333737569535227
731,228-907,228,907,0.32307143597770377
732,228-909,228,909,0.3005717515190062
733,228-910,228,910,0.31907768072843856
734,228-911,228,911,0.3590492422919596
735,228-913,228,913,0.39209933950801074
736,228-914,228,914,0.3762095518682297
737,228-915,228,915,0.36488358795977555
738,228-916,228,916,0.35313459356502597
739,228-917,228,917,0.3408469290857054
740,228-918,228,918,0.33436079388956286
741,228-919,228,919,0.32754456879122457
742,228-920,228,920,0.3218596829035627
743,228-921,228,921,0.31494097250992503
744,228-922,228,922,0.31701355801420905
745,228-923,228,923,0.3289903384888201
746,228-924,228,924,0.347321685263482
747,228-925,228,925,0.3628277489331238
748,228-926,228,926,0.36816667868146546
749,228-927,228,927,0.36848864053219316
750,228-928,228,928,0.37377952560353
751,228-929,228,929,0.3819163753367079
752,228-930,228,930,0.3804562857509996
753,229-901,229,901,0.4361636221076694
754,229-902,229,902,0.41495774294258253
755,229-903,229,903,0.3931993656205587
756,229-904,229,904,0.37254609707573383
757,229-905,229,905,0.35020174671628035
758,229-906,229,906,0.32917807549204187
759,229-907,229,907,0.30810815704452943
760,229-908,229,908,0.2926582210618663
761,229-909,229,909,0.2916876868136575
762,229-910,229,910,0.3094797514815416
763,229-911,229,911,0.3459496138319803
764,229-912,229,912,0.37352150054234534
765,229-913,229,913,0.37897478903859566
766,229-914,229,914,0.3752744709826155
767,229-915,229,915,0.36677467079751724
768,229-916,229,916,0.36217284141072903
769,229-917,229,917,0.3538168592302619
770,229-918,229,918,0.3459616801400183
771,229-919,229,919,0.3429999516989478
772,229-921,229,921,0.3211364591270322
773,229-922,229,922,0.32038674174536363
774,229-923,229,923,0.3325011754609348
775,229-924,229,924,0.35245023513838875
776,229-927,229,927,0.3687910804450406
777,229-928,229,928,0.3648424954010208
778,229-929,229,929,0.3627860646876901
779,229-930,229,930,0.35764191971101134
780,230-901,230,901,0.4498902780138882
781,230-902,230,902,0.43353273899737
782,230-903,230,903,0.41276214822707225
783,230-904,230,904,0.3901083466517964
784,230-905,230,905,0.36362151008031446
785,230-906,230,906,0.3312599873967625
786,230-907,230,907,0.2949000109011024
787,230-909,230,909,0.27127612396477535
788,230-910,230,910,0.2908677967984378
789,230-911,230,911,0.3190858179009346
790,230-912,230,912,0.3448504761774038
791,230-913,230,913,0.35865235331352063
792,230-914,230,914,0.36273616925949376
793,230-915,230,915,0.3652948845017041
794,230-916,230,916,0.36387908070685293
795,230-917,230,917,0.35950138256206904
796,230-918,230,918,0.35455776574572206
797,230-919,230,919,0.3504626705818414
798,230-920,230,920,0.33908544055267487
799,230-922,230,922,0.31549825766475365
800,230-923,230,923,0.3264519137628698
801,230-924,230,924,0.3419684155249085
802,230-925,230,925,0.35542024584015824
803,230-926,230,926,0.3580702194102149
804,230-927,230,927,0.35322043019864047
805,230-928,230,928,0.3468572907670556
806,230-929,230,929,0.34146789571246233
807,230-930,230,930,0.33326801732937333
808,231-901,231,901,0.4655527831511989
809,231-902,231,902,0.4528520040335306
810,231-903,231,903,0.4363087265907131
811,231-904,231,904,0.41020284851679406
812,231-905,231,905,0.37857379478701775
813,231-906,231,906,0.3417853622507359
814,231-907,231,907,0.30332201775027917
815,231-908,231,908,0.2714275234080907
816,231-909,231,909,0.2638265429947421
817,231-910,231,910,0.27150891066127397
818,231-911,231,911,0.29206827942512803
819,231-912,231,912,0.31511709773029145
820,231-913,231,913,0.3348672386625293
821,231-914,231,914,0.34728945559950514
822,231-915,231,915,0.355755102420587
823,231-916,231,916,0.36105902018317054
824,231-917,231,917,0.3612670367355621
825,231-918,231,918,0.35537175478889926
826,231-919,231,919,0.3498002883947961
827,231-921,231,921,0.3171177725627228
828,231-922,231,922,0.30933487087090294
829,231-923,231,923,0.31545220613663
830,231-924,231,924,0.32366403124808885
831,231-925,231,925,0.3315377249924998
832,231-926,231,926,0.33389682110371954
833,231-927,231,927,0.329106838187029
834,231-928,231,928,0.32100203329452864
835,232-901,232,901,0.48715490893885827
836,232-902,232,902,0.4768841683576464
837,232-903,232,903,0.46188725388116914
838,232-904,232,904,0.43470703890544665
839,232-905,232,905,0.39890687171690903
840,232-906,232,906,0.35902795643793384
841,232-907,232,907,0.3195953036282764
842,232-908,232,908,0.2850566363869566
843,232-909,232,909,0.2640260698588535
844,232-912,232,912,0.2957250679261296
845,232-913,232,913,0.31306666023566204
846,232-914,232,914,0.3279787581465956
847,232-915,232,915,0.33873095147197635
848,232-916,232,916,0.34874108119236974
849,232-918,232,918,0.3449068848322228
850,232-919,232,919,0.3333003048136544
851,232-920,232,920,0.31926520909571515
852,232-921,232,921,0.3017748887194921
853,232-922,232,922,0.294852211206693
854,232-923,232,923,0.29897690408942823
855,232-924,232,924,0.30611677155956013
856,232-925,232,925,0.3109213148090214
857,232-926,232,926,0.3099506655374639
858,232-927,232,927,0.3049445713354141
859,232-928,232,928,0.292327750829916
860,232-930,232,930,0.2829095819651551
861,233-901,233,901,0.5046425151901142
862,233-902,233,902,0.5059713860741194
863,233-903,233,903,0.49135700438964347
864,233-904,233,904,0.46318102444128784
865,233-905,233,905,0.4222906948537368
866,233-906,233,906,0.3819649536270909
867,233-907,233,907,0.3394478039931498
868,233-908,233,908,0.2963676812881063
869,233-909,233,909,0.27136439065155793
870,233-910,233,910,0.2620189304809891
871,233-911,233,911,0.2674534686389721
872,233-912,233,912,0.28056276554583565
873,233-913,233,913,0.2962589186073419
874,233-914,233,914,0.3089536052541198
875,233-915,233,915,0.3210568958686453
876,233-916,233,916,0.3291876164939868
877,233-917,233,917,0.32959963167702605
878,233-918,233,918,0.3211893658548153
879,233-919,233,919,0.30745321156639155
880,233-920,233,920,0.2878893354881411
881,233-921,233,921,0.2714340831177341
882,233-922,233,922,0.2715553818272952
883,233-923,233,923,0.27867157928697894
884,233-924,233,924,0.28748421215440245
885,233-925,233,925,0.295325586125527
886,233-926,233,926,0.29432821972637563
887,233-927,233,927,0.2901173354961306
888,233-928,233,928,0.28187188103602295
889,233-929,233,929,0.27429323011196033
890,233-930,233,930,0.28066422977106714
891,234-901,234,901,0.5161549163376647
892,234-902,234,902,0.5287918618161737
893,234-903,234,903,0.5275993195278683
894,234-904,234,904,0.4893638256890122
895,234-905,234,905,0.44084967781418355
896,234-906,234,906,0.3926626622827041
897,234-907,234,907,0.3509518075462812
898,234-908,234,908,0.3139618024459196
899,234-909,234,909,0.28326188143034536
900,234-910,234,910,0.269477439087
901,234-911,234,911,0.26580926839822266
902,234-912,234,912,0.268288802076258
903,234-913,234,913,0.27985410014022416
904,234-914,234,914,0.29166761795241114
905,234-915,234,915,0.3020514001846851
906,234-916,234,916,0.30636955217446604
907,234-917,234,917,0.30255789848824577
908,234-918,234,918,0.295715046509187
909,234-919,234,919,0.27967190080874726
910,234-920,234,920,0.2597758151986983
911,234-922,234,922,0.25094288670440185
912,234-923,234,923,0.2639694872176004
913,234-924,234,924,0.2742959500181769
914,234-925,234,925,0.2845440252967542
915,234-926,234,926,0.28837943419243967
916,234-927,234,927,0.28620475721017863
917,234-928,234,928,0.28303543902002054
918,234-929,234,929,0.2847870347860208
919,234-930,234,930,0.29108012679614065
920,235-901,235,901,0.5150624856830194
921,235-902,235,902,0.535227360448006
922,235-904,235,904,0.5016856315452971
923,235-905,235,905,0.4488956724073873
924,235-906,235,906,0.401562305425814
925,235-907,235,907,0.3544428334859043
926,235-908,235,908,0.3170004425390276
927,235-909,235,909,0.2898973359457986
928,235-910,235,910,0.2655373439710443
929,235-911,235,911,0.2599491298718812
930,235-912,235,912,0.2596897596475641
931,235-913,235,913,0.2608250267719188
932,235-914,235,914,0.2708608825334719
933,235-916,235,916,0.28689716580672425
934,235-917,235,917,0.28225986062641995
935,235-918,235,918,0.27455212657375366
936,235-919,235,919,0.26267584276489947
937,235-920,235,920,0.2510048656698011
938,235-921,235,921,0.2419305101146592
939,235-922,235,922,0.24779364207309465
940,235-923,235,923,0.2593380771949897
941,235-925,235,925,0.27970967341743896
942,235-926,235,926,0.2852535885625218
943,235-927,235,927,0.2867280150162214
944,235-928,235,928,0.2894432346824596
945,235-929,235,929,0.29312733905831084
946,235-930,235,930,0.301314174724731
947,236-901,236,901,0.49351341582274066
948,236-902,236,902,0.5061117278225735
949,236-903,236,903,0.5066311873883644
950,236-904,236,904,0.4752648157605252
951,236-905,236,905,0.4365321557793299
952,236-906,236,906,0.3961061729620359
953,236-907,236,907,0.35812426017644905
954,236-908,236,908,0.3165374063354638
955,236-909,236,909,0.28483955604360606
956,236-910,236,910,0.26673154045260833
957,236-911,236,911,0.2562954103927117
958,236-912,236,912,0.2497350084373459
959,236-913,236,913,0.24709924332995534
960,236-914,236,914,0.2472168734106857
961,236-915,236,915,0.2613993439267935
962,236-916,236,916,0.271568178700697
963,236-917,236,917,0.2694788888376855
964,236-918,236,918,0.2593263981518136
965,236-919,236,919,0.2515627753808637
966,236-920,236,920,0.2524094222188696
967,236-921,236,921,0.24780104858709065
968,236-922,236,922,0.24709706327902742
969,236-923,236,923,0.26107616903544456
970,236-924,236,924,0.27594360695141384
971,236-925,236,925,0.28291662590801564
972,236-926,236,926,0.2863710149088142
973,236-927,236,927,0.2908085430290485
974,236-928,236,928,0.29588849730306627
975,236-929,236,929,0.30060894886978
976,236-930,236,930,0.31078080296326405
977,237-901,237,901,0.460592631970384
978,237-902,237,902,0.4650253160049844
979,237-903,237,903,0.46044995501741626
980,237-905,237,905,0.4165956458797236
981,237-906,237,906,0.38912098026592756
982,237-907,237,907,0.35567843158866125
983,237-908,237,908,0.3170603090135605
984,237-909,237,909,0.2823682439553607
985,237-910,237,910,0.2557074898684571
986,237-911,237,911,0.2548504630554105
987,237-912,237,912,0.25302852498287676
988,237-913,237,913,0.24687257931325976
989,237-915,237,915,0.2540861892019323
990,237-916,237,916,0.2685725926383207
991,237-917,237,917,0.26731550533381754
992,237-918,237,918,0.25191589814737175
993,237-921,237,921,0.24679825021213764
994,237-922,237,922,0.24309097600042243
995,237-923,237,923,0.25562452272942654
996,237-925,237,925,0.2806749573641845
997,237-926,237,926,0.2863756288461882
998,237-927,237,927,0.2945359110268619
999,237-928,237,928,0.302633448195069
1000,237-929,237,929,0.3105443225151749
1001,237-930,237,930,0.31796113414568883
1002,238-901,238,901,0.42433540801574093
1003,238-902,238,902,0.42991109722501747
1004,238-903,238,903,0.43163226947087713
1005,238-904,238,904,0.4211221131042988
1006,238-905,238,905,0.40409080246946616
1007,238-906,238,906,0.38130377787561964
1008,238-908,238,908,0.3079777134708624
1009,238-909,238,909,0.26686133201327855
1010,238-910,238,910,0.24165788726288256
1011,238-911,238,911,0.24959763839391838
1012,238-912,238,912,0.2681642038032
1013,238-913,238,913,0.2775235273757737
1014,238-914,238,914,0.2745281603412572
1015,238-915,238,915,0.2795824396188416
1016,238-916,238,916,0.2835584535888878
1017,238-917,238,917,0.2794815311741776
1018,238-918,238,918,0.26622026194178167
1019,238-919,238,919,0.2535713725542351
1020,238-920,238,920,0.24914558844608503
1021,238-922,238,922,0.22987858191759422
1022,238-923,238,923,0.23889911520986118
1023,238-925,238,925,0.27008446361570937
1024,238-926,238,926,0.2861383440579371
1025,238-927,238,927,0.30062019885060665
1026,238-928,238,928,0.3139833540366037
1027,238-929,238,929,0.32248170735704873
1028,238-930,238,930,0.3308160372187442
1029,239-902,239,902,0.41338661508719565
1030,239-903,239,903,0.4219238235905177
1031,239-904,239,904,0.414271021859485
1032,239-905,239,905,0.3964578379511522
1033,239-906,239,906,0.3729598690553924
1034,239-907,239,907,0.3404499623054063
1035,239-908,239,908,0.29548245198083894
1036,239-909,239,909,0.249370620986777
1037,239-911,239,911,0.25196091422630545
1038,239-912,239,912,0.2975085600428212
1039,239-913,239,913,0.33014432317992815
1040,239-914,239,914,0.32698379180205106
1041,239-915,239,915,0.31657303174300805
1042,239-916,239,916,0.30785637373992764
1043,239-917,239,917,0.29975969782948
1044,239-918,239,918,0.28266811497781574
1045,239-919,239,919,0.2678610457184837
1046,239-920,239,920,0.25482493495137193
1047,239-921,239,921,0.2359986748975822
1048,239-923,239,923,0.2295529905754699
1049,239-924,239,924,0.24403427272227224
1050,239-925,239,925,0.26607045810590607
1051,239-926,239,926,0.2874510008551252
1052,239-927,239,927,0.3073747128032503
1053,239-928,239,928,0.3249638121149804
1054,239-929,239,929,0.3371815932661592
1055,239-930,239,930,0.3459839184032628
1056,240-901,240,901,0.42330562667981253
1057,240-902,240,902,0.42961327893814694
1058,240-903,240,903,0.431787930430521
1059,240-904,240,904,0.41651188920235666
1060,240-905,240,905,0.39011455488512187
1061,240-906,240,906,0.36379995930236064
1062,240-907,240,907,0.33454495882249397
1063,240-908,240,908,0.284444499226563
1064,240-909,240,909,0.24024662829516796
1065,240-910,240,910,0.22577107582992628
1066,240-911,240,911,0.26060765590642687
1067,240-912,240,912,0.322519095042875
1068,240-914,240,914,0.36368141437435797
1069,240-915,240,915,0.34305440138500604
1070,240-916,240,916,0.32932474167663045
1071,240-917,240,917,0.3224342705279247
1072,240-918,240,918,0.30789729542559346
1073,240-919,240,919,0.2890020782665993
1074,240-920,240,920,0.27153484008790907
1075,240-921,240,921,0.2517058821394419
1076,240-922,240,922,0.23237684511360654
1077,240-923,240,923,0.23419259670727305
1078,240-924,240,924,0.2483372410858436
1079,240-925,240,925,0.26833830230271205
1080,240-927,240,927,0.314849998235907
1081,240-929,240,929,0.3513884817531409
1082,240-930,240,930,0.3598927892871195
1083,241-901,241,901,0.4564880889633194
1084,241-902,241,902,0.4620574156847199
1085,241-903,241,903,0.4585792751734525
1086,241-904,241,904,0.42573629069967184
1087,241-905,241,905,0.3784321904332093
1088,241-906,241,906,0.33567444459171025
1089,241-908,241,908,0.2575832569141752
1090,241-909,241,909,0.2278364172158348
1091,241-911,241,911,0.2623304045857997
1092,241-912,241,912,0.3136215678277789
1093,241-913,241,913,0.35449824695250215
1094,241-914,241,914,0.35791266174946507
1095,241-915,241,915,0.3509596832941431
1096,241-916,241,916,0.3428779178105725
1097,241-917,241,917,0.3395138666792869
1098,241-918,241,918,0.3296886245889185
1099,241-919,241,919,0.3076895465007811
1100,241-920,241,920,0.2868888047108173
1101,241-923,241,923,0.24703190806555395
1102,241-924,241,924,0.2590454954526284
1103,241-925,241,925,0.27244517739034724
1104,241-926,241,926,0.29222560505322065
1105,241-927,241,927,0.3205294326205623
1106,241-928,241,928,0.34890406618192554
1107,241-929,241,929,0.36634297157318435
1108,241-930,241,930,0.3748615880587092
1109,242-901,242,901,0.48301508341416016
1110,242-902,242,902,0.49055021814179256
1111,242-904,242,904,0.4348484242112649
1112,242-905,242,905,0.3623237250683627
1113,242-906,242,906,0.2797387913389606
1114,242-908,242,908,0.20556912184584403
1115,242-909,242,909,0.2216345943671449
1116,242-910,242,910,0.24121929214421595
1117,242-911,242,911,0.2699280128598324
1118,242-912,242,912,0.2959432727808822
1119,242-913,242,913,0.3190732832766999
1120,242-914,242,914,0.3344838868302134
1121,242-915,242,915,0.3436575187528736
1122,242-916,242,916,0.34297039255317274
1123,242-917,242,917,0.34714791133674555
1124,242-919,242,919,0.3161585503291834
1125,242-920,242,920,0.2868512127459549
1126,242-921,242,921,0.2731154709355154
1127,242-922,242,922,0.26658496081645694
1128,242-923,242,923,0.273083306387342
1129,242-924,242,924,0.27923278458865847
1130,242-925,242,925,0.2807236893285151
1131,242-926,242,926,0.2914428406374625
1132,242-927,242,927,0.3288261849415631
1133,242-928,242,928,0.36653180468086904
1134,242-929,242,929,0.3833052575322152
1135,242-930,242,930,0.3896005966138487
1136,243-901,243,901,0.49855350615635097
1137,243-902,243,902,0.49946346682133597
1138,243-903,243,903,0.48530298209139294
1139,243-904,243,904,0.4360635277456998
1140,243-905,243,905,0.3615598077358266
1141,243-906,243,906,0.26975650801987217
1142,243-908,243,908,0.19964314050601803
1143,243-909,243,909,0.23602008735015056
1144,243-910,243,910,0.2738681923685662
1145,243-911,243,911,0.2922640438147786
1146,243-912,243,912,0.27995066129053925
1147,243-913,243,913,0.29132421118646434
1148,243-914,243,914,0.3120233120748403
1149,243-915,243,915,0.3283773544755465
1150,243-916,243,916,0.3333997063492251
1151,243-917,243,917,0.3359263362115851
1152,243-918,243,918,0.32843163262069736
1153,243-919,243,919,0.3002917395494253
1154,243-920,243,920,0.2738126384716116
1155,243-921,243,921,0.2679435660733546
1156,243-922,243,922,0.28987874765978716
1157,243-923,243,923,0.31140086384816135
1158,243-924,243,924,0.3133570754567976
1159,243-925,243,925,0.3008438050027724
1160,243-927,243,927,0.34687289077827965
1161,243-929,243,929,0.4011870325597213
1162,243-930,243,930,0.4036048337904416
1163,244-901,244,901,0.5075789704839888
1164,244-902,244,902,0.5031350733722452
1165,244-903,244,903,0.4858881985200013
1166,244-904,244,904,0.44741545031309315
1167,244-905,244,905,0.38650973244237546
1168,244-906,244,906,0.3104368503045347
1169,244-907,244,907,0.2476231837296802
1170,244-908,244,908,0.236573871611083
1171,244-909,244,909,0.2690455584220067
1172,244-910,244,910,0.3168881121566744
1173,244-913,244,913,0.27956293139060573
1174,244-914,244,914,0.3042545715755743
1175,244-915,244,915,0.31978568176424876
1176,244-916,244,916,0.3245321311278267
1177,244-917,244,917,0.3236546768949958
1178,244-918,244,918,0.3113650923863721
1179,244-919,244,919,0.284228459464262
1180,244-922,244,922,0.31945304747619657
1181,244-924,244,924,0.35951290966262855
1182,244-925,244,925,0.3427639250354654
1183,244-926,244,926,0.3443758701252622
1184,244-928,244,928,0.40311127152170484
1185,244-929,244,929,0.40966086068431695
1186,244-930,244,930,0.40981528051221827
1187,245-901,245,901,0.5142911467250127
1188,245-902,245,902,0.5094061176775015
1189,245-903,245,903,0.49708780391435886
1190,245-904,245,904,0.47332226754121015
1191,245-905,245,905,0.43203551905212423
1192,245-906,245,906,0.3678416708123193
1193,245-907,245,907,0.308076241996759
1194,245-909,245,909,0.30401682841130434
1195,245-910,245,910,0.3457514467858532
1196,245-912,245,912,0.3193142335955732
1197,245-913,245,913,0.30801976137684905
1198,245-914,245,914,0.3128444487882335
1199,245-915,245,915,0.3148009668688986
1200,245-916,245,916,0.3185983088347948
1201,245-917,245,917,0.3161564759879922
1202,245-918,245,918,0.3076644699182853
1203,245-919,245,919,0.2878564436644623
1204,245-920,245,920,0.27757060229382574
1205,245-921,245,921,0.2973345856261206
1206,245-922,245,922,0.3492276964479377
1207,245-924,245,924,0.3916761402657337
1208,245-925,245,925,0.3765183625557643
1209,245-926,245,926,0.37845515126445556
1210,245-927,245,927,0.3942836746688776
1211,245-928,245,928,0.40777055371857013
1212,245-929,245,929,0.4146494495275792
1213,245-930,245,930,0.4139251274928465
1214,246-901,246,901,0.5195449727003817
1215,246-902,246,902,0.5168917727741056
1216,246-903,246,903,0.5095243041708872
1217,246-904,246,904,0.4993926888551176
1218,246-906,246,906,0.4187554662879775
1219,246-907,246,907,0.363321063186948
1220,246-908,246,908,0.3345057280678182
1221,246-909,246,909,0.3395457064092925
1222,246-910,246,910,0.35878915766212677
1223,246-911,246,911,0.365003198902457
1224,246-912,246,912,0.3480045920083483
1225,246-913,246,913,0.3317300513033709
1226,246-914,246,914,0.3290632961328845
1227,246-915,246,915,0.31799594575540213
1228,246-916,246,916,0.32056957477093523
1229,246-917,246,917,0.31613259343984385
1230,246-918,246,918,0.31344831164047987
1231,246-919,246,919,0.30065885443871393
1232,246-920,246,920,0.3060403150610473
1233,246-921,246,921,0.3183965249791228
1234,246-922,246,922,0.34908072947049357
1235,246-924,246,924,0.3870280098962579
1236,246-925,246,925,0.38875097597725916
1237,246-926,246,926,0.39286537546590167
1238,246-927,246,927,0.4015825440410795
1239,246-928,246,928,0.41029756246931476
1240,246-929,246,929,0.4160626915413748
1241,246-930,246,930,0.4156551368493891
